benchmark,gc_config,accumPause,avgFreedMemoryByFullGC,avgFreedMemoryByFullGCσ,avgFreedMemoryByGC,avgFreedMemoryByGCσ,avgFullGCPause,avgFullGCPauseσ,avgGCPause,avgGCPauseσ,avgPause,avgPauseσ,avgPromotion,avgRelativePostGCInc,avgfootprintAfterFullGC,avgfootprintAfterFullGCσ,avgfootprintAfterGC,avgfootprintAfterGCσ,footprint,freedMemory,freedMemoryByFullGC,freedMemoryByFullGCpc,freedMemoryByGC,freedMemoryByGCpc,freedMemoryPerMin,fullGCPause,fullGCPausePc,fullGCPerformance,fullGcPauseCount,gcPause,gcPauseCount,gcPausePc,gcPerformance,maxFullGCPause,maxPause,minFullGCPause,minPause,pauseCount,promotionTotal,slopeAfterGC,throughput,totalHeapAllocMax,totalHeapUsedMax,totalHeapUsedMaxpc,totalPermAllocMax,totalPermUsedMax,totalPermUsedMaxpc,totalTenuredAllocMax,totalTenuredUsedMax,totalTenuredUsedMaxpc,totalTime,totalYoungAllocMax,totalYoungUsedMax,totalYoungUsedMaxpc,wallTimeMs,wallTimeSec
avrora,g1gc,0.03,26.0,0.0,16.8,2335.079,0.0122,0.0,0.00346,0.00085,0.00492,0.00365,17616077.0,568.3795,2048.0,0.0,3686.4,915.893,248.0,110.0,26.0,23.6,84.0,76.4,806.326,0.01,41.4,2130.449,1.0,0.02,5.0,58.6,4853.527,0.0122,0.0122,0.0122,0.0025,6.0,88080384.0,2.7011,99.64,248.0,28.0,11.3,0.0,0.0,0.0,0.0,0.0,0.0,8.0,0.0,0.0,0.0,10228.0,10.228
avrora,shenandoah,0.0018,0.0,0.0,16.6446,10.0028,0.0,0.0,0.00045,0.00027,0.00045,0.00027,0.0,5.1533,0.0,0.0,49.9966,24.0906,253.8645,66.5786,0.0,0.0,66.5786,0.0,458.899,0.0,0.0,0.0,0.0,0.0018,4.0,100.0,36988.111,0.0,0.00064,0.0,5e-05,4.0,0.0,19.9286,93.53,253.8645,187.9501,74.0,0.0,0.0,0.0,0.0,0.0,0.0,8.705,0.0,0.0,0.0,8705.0,8.705
avrora,zgc_nogen,5e-05,0.0,0.0,52.0,0.0,0.0,0.0,5e-05,0.0,5e-05,0.0,0.0,838.3346,0.0,0.0,6144.0,0.0,246.0,52.0,0.0,0.0,52.0,100.0,239135.433,0.0,0.0,0.0,0.0,5e-05,1.0,100.0,1106382.979,0.0,5e-05,0.0,5e-05,1.0,0.0,21.8047,99.64,246.0,58.0,23.6,0.0,0.0,0.0,0.0,0.0,0.0,8.761,0.0,0.0,0.0,8761.0,8.761
avrora,zgc_gen,5e-05,0.0,0.0,47.7004,0.0,0.0,0.0,5e-05,2e-05,5e-05,2e-05,0.0,882.9797,0.0,0.0,6705.8234,0.0,250.4246,50.3386,0.0,0.0,50.3386,0.0,366.543,0.0,0.0,0.0,0.0,5e-05,1,100.0,972527.138,0.0,6e-05,0.0,4e-05,1,0.0,24.0604,99.68,250.4246,58.4171,23.3,0.0,0.0,0.0,0.0,0.0,0.0,8.24,0.0,0.0,0.0,8240.0,8.24
avrora,g1gc_pause50,0.04,7168.0,0.0,15.625,3371.322,0.01107,0.0,0.00303,0.00115,0.00392,0.00289,16384000.0,0.0,2048.0,0.0,3328.0,1059.941,248.0,132.0,7168.0,5.3,125.0,94.7,898.78,0.01,31.4,632.111,1.0,0.02,8.0,68.6,5161.876,0.01107,0.01107,0.01107,0.00131,9.0,131072000.0,20.0861,99.6,248.0,22.0,8.9,0.0,0.0,0.0,0.0,0.0,0.0,8.0,0.0,0.0,0.0,9366.0,9.366
avrora,g1gc_threads2,0.03,27.0,0.0,16.8,2335.079,0.01551,0.0,0.00315,0.00131,0.00521,0.00518,17616077.0,528.08,2048.0,0.0,3686.4,915.893,248.0,111.0,27.0,24.3,84.0,75.7,937.979,0.02,49.6,1740.364,1.0,0.02,5.0,50.4,5329.949,0.01551,0.01551,0.01551,0.0021,6.0,88080384.0,3.3011,99.56,248.0,29.0,11.7,0.0,0.0,0.0,0.0,0.0,0.0,7.0,0.0,0.0,0.0,9082.0,9.082
batik,g1gc,0.2,7168.0,0.0,10.062,17.548,0.01387,0.0,0.01139,0.00863,0.01153,0.00838,14068395.0,9.806,3072.0,0.0,61.125,51.668,426.0,168.0,7168.0,4.2,161.0,95.8,3252.287,0.01,7.1,504.868,1.0,0.18,16.0,92.9,883.77,0.01387,0.0338,0.01387,9e-05,17.0,168820736.0,16.601,93.67,426.0,233.0,54.7,0.0,0.0,0.0,0.0,0.0,0.0,3.0,0.0,0.0,0.0,7145.0,7.145
batik,shenandoah,0.0012,0.0,0.0,35.8922,18.6011,0.0,0.0,0.0003,0.00018,0.0003,0.00018,0.0,10.0361,0.0,0.0,81.7371,46.5538,420.8256,143.569,0.0,0.0,143.569,0.0,1183.261,0.0,0.0,0.0,0.0,0.0012,4.0,100.0,119640.833,0.0,0.0004,0.0,4e-05,4.0,0.0,36.5886,92.21,420.8256,305.5173,72.6,0.0,0.0,0.0,0.0,0.0,0.0,7.28,0.0,0.0,0.0,7280.0,7.28
batik,zgc_nogen,8e-05,0.0,0.0,36.0,39.598,0.0,0.0,4e-05,2e-05,4e-05,2e-05,0.0,26.5587,0.0,0.0,189.0,210.718,402.0,72.0,0.0,0.0,72.0,100.0,1825.825,0.0,0.0,0.0,0.0,8e-05,2.0,100.0,837209.302,0.0,5e-05,0.0,3e-05,2.0,0.0,37.5748,100.0,402.0,402.0,100.0,0.0,0.0,0.0,0.0,0.0,0.0,2.0,0.0,0.0,0.0,7416.0,7.416
batik,zgc_gen,8e-05,0.0,0.0,39.7727,41.3566,0.0,0.0,4e-05,1e-05,4e-05,1e-05,0.0,26.0435,0.0,0.0,193.1252,194.0867,381.7292,68.6445,0.0,0.0,68.6445,0.0,590.575,0.0,0.0,0.0,0.0,8e-05,2,100.0,806932.994,0.0,5e-05,0.0,3e-05,2,0.0,40.2721,99.94,381.7292,384.8131,100.8,0.0,0.0,0.0,0.0,0.0,0.0,6.974,0.0,0.0,0.0,6974.0,6.974
batik,g1gc_pause50,0.21,6144.0,0.0,7628.8,10.875,0.01082,0.0,0.00991,0.00573,0.00995,0.00558,8679879.0,8.8682,3072.0,0.0,55.7,52.632,1176.0,155.0,6144.0,3.9,149.0,96.1,3026.184,0.01,5.2,554.631,1.0,0.2,20.0,94.8,751.667,0.01082,0.02313,0.01082,0.00022,21.0,156237824.0,15.9269,93.2,1176.0,218.0,18.5,0.0,0.0,0.0,0.0,0.0,0.0,3.0,0.0,0.0,0.0,7402.0,7.402
batik,g1gc_threads2,0.22,7168.0,0.0,10078.316,16.136,0.01335,0.0,0.01067,0.00927,0.01081,0.00904,15083362.0,12.405,3072.0,0.0,82.105,66.744,312.0,194.0,7168.0,3.6,187.0,96.4,3453.263,0.01,6.2,524.462,1.0,0.2,19.0,93.8,922.118,0.01335,0.03547,0.01335,0.00024,20.0,196083712.0,21.3542,93.59,312.0,231.0,74.0,0.0,0.0,0.0,0.0,0.0,0.0,3.0,0.0,0.0,0.0,7354.0,7.354
fop,g1gc,0.11,9216.0,0.0,25.667,20.131,0.01076,0.0,0.00662,0.00394,0.00688,0.00394,31053982.0,1.7896,3072.0,0.0,10.867,3809.238,140.0,394.0,9216.0,2.3,385.0,97.7,4111.343,0.01,9.8,836.742,1.0,0.1,15.0,90.2,3876.75,0.01076,0.01575,0.01076,0.00018,16.0,403701760.0,24.0702,98.09,140.0,63.0,45.0,0.0,0.0,0.0,0.0,0.0,0.0,5.0,0.0,0.0,0.0,6409.0,6.409
fop,shenandoah,0.00216,0.0,0.0,44.6012,25.2729,0.0,0.0,0.00027,0.00018,0.00027,0.00018,0.0,9.0555,0.0,0.0,66.6118,34.0837,387.2161,356.8099,0.0,0.0,356.8099,0.0,10704.297,0.0,0.0,0.0,0.0,0.00216,8.0,100.0,165189.769,0.0,0.00049,0.0,4e-05,8.0,0.0,28.8286,99.9,387.2161,257.9238,66.6,0.0,0.0,0.0,0.0,0.0,0.0,2.0,0.0,0.0,0.0,7267.0,7.267
fop,zgc_nogen,0.00015,0.0,0.0,127.333,150.43,0.0,0.0,5e-05,2e-05,5e-05,2e-05,0.0,9.59,0.0,0.0,66.0,31.432,398.0,382.0,0.0,0.0,382.0,100.0,4344.141,0.0,0.0,0.0,0.0,0.00015,3.0,100.0,2358024.691,0.0,7e-05,0.0,4e-05,3.0,0.0,41.2848,100.0,398.0,398.0,100.0,0.0,0.0,0.0,0.0,0.0,0.0,5.0,0.0,0.0,0.0,6735.0,6.735
fop,zgc_gen,0.00012,0.0,0.0,118.7555,172.8834,0.0,0.0,4e-05,2e-05,4e-05,2e-05,0.0,8.7573,0.0,0.0,66.1257,28.346,417.7988,374.3142,0.0,0.0,374.3142,0.0,3463.2,0.0,0.0,0.0,0.0,0.00012,3,100.0,2448180.965,0.0,8e-05,0.0,4e-05,3,0.0,37.2387,100.08,417.7988,395.3797,94.6,0.0,0.0,0.0,0.0,0.0,0.0,6.485,0.0,0.0,0.0,6485.0,6.485
fop,g1gc_pause50,0.1,8192.0,0.0,25.5,20.091,0.01078,0.0,0.00653,0.00412,0.00682,0.00412,31195136.0,1.5605,3072.0,0.0,10.286,4045.046,140.0,365.0,8192.0,2.2,357.0,97.8,4156.982,0.01,10.5,741.977,1.0,0.09,14.0,89.5,3902.919,0.01078,0.01562,0.01078,0.00014,15.0,374341632.0,22.6063,98.06,140.0,59.0,42.1,0.0,0.0,0.0,0.0,0.0,0.0,5.0,0.0,0.0,0.0,6335.0,6.335
fop,g1gc_threads2,0.1,9216.0,0.0,25.467,19.766,0.00995,0.0,0.00584,0.00313,0.00609,0.00319,30812002.0,1.7524,3072.0,0.0,10.933,3860.021,140.0,391.0,9216.0,2.3,382.0,97.7,4555.385,0.01,10.2,904.432,1.0,0.09,15.0,89.8,4364.318,0.00995,0.0107,0.00995,0.00032,16.0,400556032.0,24.8178,98.11,140.0,63.0,45.0,0.0,0.0,0.0,0.0,0.0,0.0,5.0,0.0,0.0,0.0,5771.0,5.771
h2,g1gc,2.18,248.0,0.0,584.86,260.917,0.3537,0.0,0.03198,0.01845,0.03753,0.04603,613269791.0,24.264,445.0,0.0,417.561,224.457,1694.0,33585.0,248.0,0.7,33337.0,99.3,50045.141,0.35,16.3,701.165,1.0,1.82,57.0,83.7,18287.963,0.3537,0.3537,0.3537,0.00245,58.0,34956378112.0,46.693,94.59,1694.0,1537.0,90.7,0.0,0.0,0.0,0.0,0.0,0.0,40.0,0.0,0.0,0.0,42141.0,42.141
h2,shenandoah,0.09,0.0,0.0,281.6084,187.2528,0.0,0.0,0.00081,0.00297,0.00081,0.00297,0.0,78.7379,0.0,0.0,650.468,345.0519,4036.5535,31540.1353,0.0,0.0,31540.1353,0.0,30522.712,0.0,0.0,0.0,0.0,0.09,112.0,100.0,350445.948,0.0,0.02259,0.0,5e-05,112.0,0.0,361.3746,99.85,4036.5535,2870.1221,71.1,0.0,0.0,0.0,0.0,0.0,0.0,62.0,0.0,0.0,0.0,69805.0,69.805
h2,zgc_nogen,0.00264,0.0,0.0,515.879,549.307,0.0,0.0,8e-05,4e-05,8e-05,4e-05,0.0,262.0761,0.0,0.0,1638.667,711.646,3922.0,17024.0,0.0,0.0,17024.0,100.0,16903.124,0.0,0.0,0.0,0.0,0.00264,33.0,100.0,6206343.42,0.0,0.00018,0.0,4e-05,33.0,0.0,346.2167,100.0,3922.0,2798.0,71.3,0.0,0.0,0.0,0.0,0.0,0.0,60.0,0.0,0.0,0.0,66024.0,66.024
h2,zgc_gen,0.0032,0.0,0.0,486.584,549.4036,0.0,0.0,8e-05,3e-05,8e-05,3e-05,0.0,216.0951,0.0,0.0,1533.3505,782.1208,4007.5202,18303.7041,0.0,0.0,18303.7041,0.0,16587.205,0.0,0.0,0.0,0.0,0.0032,40,100.0,6465053.905,0.0,0.0002,0.0,4e-05,40,0.0,436.3887,100.09,4007.5202,2814.5509,70.2,0.0,0.0,0.0,0.0,0.0,0.0,66.209,0.0,0.0,0.0,66209.0,66.209
h2,g1gc_pause50,2.46,336.0,0.0,414.262,308.564,0.38994,0.0,0.0259,0.01766,0.03039,0.04409,454888825.0,19.996,445.0,0.0,448.363,260.216,1978.0,33477.0,336.0,1.0,33141.0,99.0,44998.268,0.39,15.8,861.68,1.0,2.07,80.0,84.2,15994.568,0.38994,0.38994,0.38994,0.00045,81.0,34571550720.0,43.221,94.48,1978.0,1515.0,76.6,0.0,0.0,0.0,0.0,0.0,0.0,44.0,0.0,0.0,0.0,46337.0,46.337
h2,g1gc_threads2,2.3,373.0,0.0,600.411,269.714,0.35111,0.0,0.03479,0.01741,0.04034,0.04531,629576265.0,24.377,445.0,0.0,420.143,229.656,1660.0,33996.0,373.0,1.1,33623.0,98.9,42254.645,0.35,15.3,1062.357,1.0,1.95,56.0,84.7,17255.758,0.35111,0.35111,0.35111,0.00578,57.0,35256270848.0,41.824,95.24,1660.0,1505.0,90.7,0.0,0.0,0.0,0.0,0.0,0.0,48.0,0.0,0.0,0.0,50083.0,50.083
luindex,g1gc,0.1,5120.0,0.0,59.176,28.169,0.00957,0.0,0.00274,0.001,0.00294,0.00152,64749568.0,4.4718,2048.0,0.0,29.176,17.687,158.0,2017.0,5120.0,0.2,2012.0,99.8,12619.795,0.01,9.3,522.575,1.0,0.09,34.0,90.7,21561.378,0.00957,0.00957,0.00957,0.00021,35.0,2071986176.0,60.0818,98.93,158.0,128.0,81.0,0.0,0.0,0.0,0.0,0.0,0.0,9.0,0.0,0.0,0.0,34712.0,34.712
luindex,shenandoah,0.00276,0.0,0.0,135.9329,70.7431,0.0,0.0,0.00023,0.00019,0.00023,0.00019,0.0,15.9688,0.0,0.0,121.0308,75.1361,760.0458,1631.1946,0.0,0.0,1631.1946,0.0,9787.168,0.0,0.0,0.0,0.0,0.00276,12.0,100.0,591012.536,0.0,0.00051,0.0,4e-05,12.0,0.0,66.3303,99.97,760.0458,531.8366,70.0,0.0,0.0,0.0,0.0,0.0,0.0,10.0,0.0,0.0,0.0,36909.0,36.909
luindex,zgc_nogen,9e-05,0.0,0.0,346.667,358.119,0.0,0.0,3e-05,0.0,3e-05,0.0,0.0,9.6398,0.0,0.0,56.667,43.924,800.0,1040.0,0.0,0.0,1040.0,100.0,10981.993,0.0,0.0,0.0,0.0,9e-05,3.0,100.0,11555555.556,0.0,3e-05,0.0,3e-05,3.0,0.0,87.2578,100.0,800.0,800.0,100.0,0.0,0.0,0.0,0.0,0.0,0.0,5.0,0.0,0.0,0.0,34866.0,34.866
luindex,zgc_gen,9e-05,0.0,0.0,377.6535,349.8613,0.0,0.0,3e-05,1e-05,3e-05,1e-05,0.0,7.292,0.0,0.0,53.4007,44.3382,760.2227,991.1318,0.0,0.0,991.1318,0.0,1664.462,0.0,0.0,0.0,0.0,9e-05,3,100.0,10902838.699,0.0,3e-05,0.0,3e-05,3,0.0,80.2174,100.01,760.2227,798.2068,105.0,0.0,0.0,0.0,0.0,0.0,0.0,35.728,0.0,0.0,0.0,35728.0,35.728
luindex,g1gc_pause50,0.1,4096.0,0.0,59.735,23.499,0.01007,0.0,0.00253,0.00063,0.00275,0.00142,62636996.0,6.1849,2048.0,0.0,39.176,22.533,174.0,2035.0,4096.0,0.2,2031.0,99.8,12580.344,0.01,10.5,397.259,1.0,0.09,34.0,89.5,23584.741,0.01007,0.01007,0.01007,0.00146,35.0,2129657856.0,68.4998,99.01,174.0,129.0,74.1,0.0,0.0,0.0,0.0,0.0,0.0,9.0,0.0,0.0,0.0,35009.0,35.009
luindex,g1gc_threads2,0.1,6144.0,0.0,58.286,27.378,0.00939,0.0,0.00257,0.00086,0.00276,0.00142,63740711.0,4.5607,2048.0,0.0,28.8,17.529,142.0,2046.0,6144.0,0.3,2040.0,99.7,12794.505,0.01,9.4,638.706,1.0,0.09,35.0,90.6,22645.782,0.00939,0.00939,0.00939,0.00025,36.0,2103443456.0,68.6192,98.96,142.0,129.0,90.8,0.0,0.0,0.0,0.0,0.0,0.0,9.0,0.0,0.0,0.0,37412.0,37.412
lusearch,g1gc,0.29,71.0,0.0,235.04,102.167,0.01451,0.0,0.00279,0.00107,0.00291,0.00159,251539329.0,0.0,3072.0,0.0,16.485,2466.828,528.0,23340.0,71.0,0.3,23269.0,99.7,90036.645,0.01,5.0,4894.526,1.0,0.28,99.0,95.0,84237.163,0.01451,0.01451,0.01451,0.00029,100.0,24399314944.0,41.5069,98.13,528.0,331.0,62.7,0.0,0.0,0.0,0.0,0.0,0.0,15.0,0.0,0.0,0.0,19589.0,19.589
lusearch,shenandoah,0.01,0.0,0.0,452.6205,278.767,0.0,0.0,0.00033,0.00033,0.00033,0.00033,0.0,72.2416,0.0,0.0,656.2105,362.8188,3700.5897,19010.0622,0.0,0.0,19010.0622,0.0,71287.733,0.0,0.0,0.0,0.0,0.01,42.0,100.0,1901006.22,0.0,0.00191,0.0,4e-05,42.0,0.0,269.119,99.92,3700.5897,2728.3188,73.7,0.0,0.0,0.0,0.0,0.0,0.0,16.0,0.0,0.0,0.0,21520.0,21.52
lusearch,zgc_nogen,0.00091,0.0,0.0,1874.769,1161.279,0.0,0.0,7e-05,1e-05,7e-05,1e-05,0.0,19.5545,0.0,0.0,142.308,74.193,3526.0,24372.0,0.0,0.0,24372.0,100.0,80528.482,0.0,0.0,0.0,0.0,0.00091,13.0,100.0,28740566.038,0.0,8e-05,0.0,4e-05,13.0,0.0,329.7612,100.0,3526.0,3322.0,94.2,0.0,0.0,0.0,0.0,0.0,0.0,18.0,0.0,0.0,0.0,22552.0,22.552
lusearch,zgc_gen,0.00105,0.0,0.0,1709.3297,1313.0051,0.0,0.0,7e-05,3e-05,7e-05,3e-05,0.0,23.6466,0.0,0.0,144.33,73.7064,3344.4786,22979.0759,0.0,0.0,22979.0759,0.0,66193.507,0.0,0.0,0.0,0.0,0.00105,15,100.0,26071227.748,0.0,8e-05,0.0,4e-05,15,0.0,357.2935,100.03,3344.4786,3391.6838,101.4,0.0,0.0,0.0,0.0,0.0,0.0,20.829,0.0,0.0,0.0,20829.0,20.829
lusearch,g1gc_pause50,0.31,102.0,0.0,237.378,100.911,0.01061,0.0,0.00305,0.00125,0.00313,0.00146,254093995.0,0.0,3072.0,0.0,16.316,2898.537,516.0,23365.0,102.0,0.4,23263.0,99.6,81480.115,0.01,3.4,9615.385,1.0,0.3,98.0,96.6,77825.32,0.01061,0.01061,0.01061,0.00011,99.0,24393023488.0,36.4222,98.2,516.0,323.0,62.6,0.0,0.0,0.0,0.0,0.0,0.0,17.0,0.0,0.0,0.0,21119.0,21.119
lusearch,g1gc_threads2,0.32,71.0,0.0,229.206,97.374,0.01231,0.0,0.00298,0.0015,0.00307,0.00175,245146583.0,0.0,3072.0,0.0,16.5,2431.566,534.0,23450.0,71.0,0.3,23379.0,99.7,83874.104,0.01,3.9,5768.606,1.0,0.3,102.0,96.1,76858.844,0.01231,0.01231,0.01231,0.00024,103.0,24514658304.0,38.3651,98.11,534.0,335.0,62.7,0.0,0.0,0.0,0.0,0.0,0.0,16.0,0.0,0.0,0.0,20999.0,20.999
pmd,g1gc,0.51,28.0,0.0,132.771,130.681,0.01459,0.0,0.0141,0.01022,0.01411,0.01007,147658566.0,15.0477,3072.0,0.0,109.114,94.524,1010.0,4675.0,28.0,0.6,4647.0,99.4,23125.264,0.01,2.9,1919.123,1.0,0.49,35.0,97.1,9417.73,0.01459,0.0368,0.01459,0.00032,36.0,4872732672.0,113.772,95.81,1010.0,700.0,69.3,0.0,0.0,0.0,0.0,0.0,0.0,12.0,0.0,0.0,0.0,12973.0,12.973
pmd,shenandoah,0.01,0.0,0.0,214.6406,119.0736,0.0,0.0,0.00047,0.00048,0.00047,0.00048,0.0,68.8236,0.0,0.0,602.58,291.4914,2999.165,4292.8112,0.0,0.0,4292.8112,0.0,19812.975,0.0,0.0,0.0,0.0,0.01,20.0,100.0,429281.12,0.0,0.00196,0.0,8e-05,20.0,0.0,234.3257,99.93,2999.165,2219.2969,74.0,0.0,0.0,0.0,0.0,0.0,0.0,13.0,0.0,0.0,0.0,15694.0,15.694
pmd,zgc_nogen,0.00025,0.0,0.0,816.8,867.099,0.0,0.0,5e-05,2e-05,5e-05,2e-05,0.0,39.8166,0.0,0.0,269.6,256.567,2932.0,4084.0,0.0,0.0,4084.0,100.0,22373.867,0.0,0.0,0.0,0.0,0.00025,5.0,100.0,15768339.768,0.0,6e-05,0.0,3e-05,5.0,0.0,271.4006,100.0,2932.0,2932.0,100.0,0.0,0.0,0.0,0.0,0.0,0.0,10.0,0.0,0.0,0.0,13899.0,13.899
pmd,zgc_gen,0.0003,0.0,0.0,882.6722,989.0989,0.0,0.0,5e-05,2e-05,5e-05,2e-05,0.0,43.6994,0.0,0.0,292.5897,278.0383,2904.5148,4491.8139,0.0,0.0,4491.8139,0.0,18828.338,0.0,0.0,0.0,0.0,0.0003,6,100.0,14414220.814,0.0,7e-05,0.0,3e-05,6,0.0,267.1906,99.91,2904.5148,2828.1111,97.4,0.0,0.0,0.0,0.0,0.0,0.0,14.314,0.0,0.0,0.0,14314.0,14.314
pmd,g1gc_pause50,0.51,7168.0,0.0,129.057,121.169,0.01382,0.0,0.01416,0.01125,0.01415,0.01109,143527812.0,0.0,3072.0,0.0,98.714,92.798,840.0,4524.0,7168.0,0.2,4517.0,99.8,22759.283,0.01,2.7,506.586,1.0,0.5,35.0,97.3,9112.624,0.01382,0.04063,0.01382,0.00047,36.0,4736417792.0,73.3787,95.73,840.0,711.0,84.6,0.0,0.0,0.0,0.0,0.0,0.0,11.0,0.0,0.0,0.0,12918.0,12.918
pmd,g1gc_threads2,0.5,28.0,0.0,125.027,122.905,0.01026,0.0,0.01336,0.00995,0.01328,0.00983,146991290.0,16.1081,3072.0,0.0,109.054,90.169,826.0,4654.0,28.0,0.6,4626.0,99.4,23232.24,0.01,2.0,2727.716,1.0,0.49,37.0,98.0,9355.453,0.01026,0.04116,0.01026,0.00031,38.0,4850712576.0,114.5059,95.8,826.0,704.0,85.2,0.0,0.0,0.0,0.0,0.0,0.0,12.0,0.0,0.0,0.0,12992.0,12.992
sunflow,g1gc,0.27,18.0,0.0,213.593,66.42,0.01105,0.0,0.00306,0.00069,0.00315,0.0011,223968518.0,3.7511,14.0,0.0,25.512,1909.241,426.0,18387.0,18.0,0.1,18369.0,99.9,64882.863,0.01,4.0,1628.517,1.0,0.26,86.0,96.0,69896.196,0.01105,0.01105,0.01105,0.00126,87.0,19261292544.0,281.2372,98.39,426.0,276.0,64.8,0.0,0.0,0.0,0.0,0.0,0.0,17.0,0.0,0.0,0.0,17635.0,17.635
sunflow,shenandoah,0.01,0.0,0.0,586.8602,315.6506,0.0,0.0,0.00039,0.00043,0.00039,0.00043,0.0,80.6025,0.0,0.0,660.6347,413.1989,3739.2881,16432.0861,0.0,0.0,16432.0861,0.0,51890.798,0.0,0.0,0.0,0.0,0.01,28.0,100.0,1643208.61,0.0,0.00163,0.0,4e-05,28.0,0.0,334.7116,99.94,3739.2881,2672.9066,71.5,0.0,0.0,0.0,0.0,0.0,0.0,19.0,0.0,0.0,0.0,22226.0,22.226
sunflow,zgc_nogen,0.00048,0.0,0.0,1928.0,1463.676,0.0,0.0,6e-05,2e-05,6e-05,2e-05,0.0,20.4455,0.0,0.0,119.5,67.762,3636.0,15424.0,0.0,0.0,15424.0,100.0,56981.516,0.0,0.0,0.0,0.0,0.00048,8.0,100.0,34817155.756,0.0,9e-05,0.0,3e-05,8.0,0.0,345.8599,100.0,3636.0,3482.0,95.8,0.0,0.0,0.0,0.0,0.0,0.0,16.0,0.0,0.0,0.0,19254.0,19.254
sunflow,zgc_gen,0.00055,0.0,0.0,1733.7092,1325.7209,0.0,0.0,5e-05,2e-05,5e-05,2e-05,0.0,16.1828,0.0,0.0,121.7713,70.6115,3670.5479,16845.4108,0.0,0.0,16845.4108,0.0,60715.123,0.0,0.0,0.0,0.0,0.00055,11,100.0,38893764.018,0.0,0.00011,0.0,3e-05,11,0.0,343.7281,99.93,3670.5479,3505.5078,95.5,0.0,0.0,0.0,0.0,0.0,0.0,16.647,0.0,0.0,0.0,16647.0,16.647
sunflow,g1gc_pause50,0.29,16.0,0.0,201.4,68.48,0.01146,0.0,0.00313,0.00058,0.00322,0.00105,211183206.0,0.0,14.0,0.0,25.4,2342.132,408.0,18142.0,16.0,0.1,18126.0,99.9,63730.515,0.01,3.9,1395.795,1.0,0.28,90.0,96.1,64369.498,0.01146,0.01146,0.01146,0.00204,91.0,19006488576.0,308.2567,98.28,408.0,266.0,65.2,0.0,0.0,0.0,0.0,0.0,0.0,17.0,0.0,0.0,0.0,17891.0,17.891
sunflow,g1gc_threads2,0.3,18.0,0.0,252.236,96.919,0.01065,0.0,0.00406,0.00123,0.00415,0.00145,264488732.0,4.1963,14.0,0.0,25.5,2132.78,562.0,18179.0,18.0,0.1,18161.0,99.9,68157.563,0.01,3.5,1689.665,1.0,0.29,72.0,96.5,62071.7,0.01065,0.01065,0.01065,0.00198,73.0,19043188736.0,316.5329,98.11,562.0,358.0,63.7,0.0,0.0,0.0,0.0,0.0,0.0,16.0,0.0,0.0,0.0,16679.0,16.679
tomcat,g1gc,0.28,95.0,0.0,71.885,26.376,0.02875,0.0,0.00326,0.00288,0.00359,0.00405,77360074.0,4096.0,9216.0,0.0,16.333,2260.805,248.0,5702.0,95.0,1.7,5607.0,98.3,15016.207,0.03,10.2,3303.888,1.0,0.25,78.0,89.8,22029.27,0.02875,0.02875,0.02875,0.0002,79.0,5879365632.0,4104.208,98.76,248.0,107.0,43.1,0.0,0.0,0.0,0.0,0.0,0.0,22.0,0.0,0.0,0.0,23535.0,23.535
tomcat,shenandoah,0.01,0.0,0.0,292.3988,159.8739,0.0,0.0,0.00035,0.00027,0.00035,0.00027,0.0,54.0714,0.0,0.0,447.5365,240.1804,2417.0614,5263.1792,0.0,0.0,5263.1792,0.0,18575.927,0.0,0.0,0.0,0.0,0.01,18.0,100.0,526317.92,0.0,0.00089,0.0,7e-05,18.0,0.0,197.2479,99.96,2417.0614,1766.6026,73.1,0.0,0.0,0.0,0.0,0.0,0.0,17.0,0.0,0.0,0.0,29214.0,29.214
tomcat,zgc_nogen,0.00036,0.0,0.0,810.0,861.313,0.0,0.0,6e-05,1e-05,6e-05,1e-05,0.0,9.6769,0.0,0.0,70.0,26.981,2480.0,4860.0,0.0,0.0,4860.0,100.0,16423.485,0.0,0.0,0.0,0.0,0.00036,6.0,100.0,12857142.857,0.0,8e-05,0.0,4e-05,6.0,0.0,260.8677,100.0,2480.0,2480.0,100.0,0.0,0.0,0.0,0.0,0.0,0.0,17.0,0.0,0.0,0.0,23473.0,23.473
tomcat,zgc_gen,0.00035,0.0,0.0,727.0419,787.1938,0.0,0.0,5e-05,2e-05,5e-05,2e-05,0.0,11.1455,0.0,0.0,66.7128,29.7865,2448.9859,5342.2057,0.0,0.0,5342.2057,0.0,12255.108,0.0,0.0,0.0,0.0,0.00035,7,100.0,12353890.199,0.0,9e-05,0.0,4e-05,7,0.0,267.2841,100.1,2448.9859,2548.1267,104.0,0.0,0.0,0.0,0.0,0.0,0.0,26.155,0.0,0.0,0.0,26155.0,26.155
tomcat,g1gc_pause50,0.3,126.0,0.0,73.52,28.319,0.0517,0.0,0.00327,0.00178,0.00391,0.00583,79203398.0,0.0,9216.0,0.0,16.173,3073.722,248.0,5640.0,126.0,2.2,5514.0,97.8,12996.618,0.05,17.4,2436.996,1.0,0.25,75.0,82.6,22463.579,0.0517,0.0517,0.0517,0.00038,76.0,5781848064.0,21.7633,98.86,248.0,135.0,54.4,0.0,0.0,0.0,0.0,0.0,0.0,26.0,0.0,0.0,0.0,26822.0,26.822
tomcat,g1gc_threads2,0.33,95.0,0.0,72.481,26.365,0.04083,0.0,0.00371,0.00342,0.00419,0.00541,78028035.0,4096.0,9216.0,0.0,16.351,2270.165,248.0,5676.0,95.0,1.7,5581.0,98.3,13735.885,0.04,12.5,2326.493,1.0,0.29,77.0,87.5,19529.487,0.04083,0.04083,0.04083,0.00017,78.0,5852102656.0,2698.287,98.68,248.0,107.0,43.1,0.0,0.0,0.0,0.0,0.0,0.0,24.0,0.0,0.0,0.0,25707.0,25.707
xalan,g1gc,0.15,15.0,0.0,120.158,58.522,0.01489,0.0,0.00361,0.00118,0.0039,0.00215,125994685.0,1.4929,3072.0,0.0,10.684,1067.503,354.0,4581.0,15.0,0.3,4566.0,99.7,29755.657,0.01,9.8,1007.455,1.0,0.14,38.0,90.2,33242.086,0.01489,0.01489,0.01489,0.00236,39.0,4787798016.0,167.4388,98.35,354.0,219.0,61.9,0.0,0.0,0.0,0.0,0.0,0.0,9.0,0.0,0.0,0.0,10357.0,10.357
xalan,shenandoah,0.01,0.0,0.0,220.1804,116.5341,0.0,0.0,0.00036,0.00028,0.00036,0.00028,0.0,59.4848,0.0,0.0,556.794,321.2474,3249.7739,3522.8857,0.0,0.0,3522.8857,0.0,17614.428,0.0,0.0,0.0,0.0,0.01,16.0,100.0,352288.57,0.0,0.00091,0.0,5e-05,16.0,0.0,287.3692,99.95,3249.7739,2458.5527,75.7,0.0,0.0,0.0,0.0,0.0,0.0,12.0,0.0,0.0,0.0,14256.0,14.256
xalan,zgc_nogen,0.00045,0.0,0.0,1110.4,1291.524,0.0,0.0,9e-05,7e-05,9e-05,7e-05,0.0,9.5593,0.0,0.0,68.4,51.911,3418.0,5552.0,0.0,0.0,5552.0,100.0,35593.326,0.0,0.0,0.0,0.0,0.00045,5.0,100.0,12911627.907,0.0,0.00021,0.0,3e-05,5.0,0.0,346.166,100.0,3418.0,3418.0,100.0,0.0,0.0,0.0,0.0,0.0,0.0,9.0,0.0,0.0,0.0,10925.0,10.925
xalan,zgc_gen,0.00054,0.0,0.0,1090.0332,1204.9971,0.0,0.0,9e-05,3e-05,9e-05,3e-05,0.0,8.5813,0.0,0.0,61.6085,55.2888,3460.997,5099.2882,0.0,0.0,5099.2882,0.0,26439.448,0.0,0.0,0.0,0.0,0.00054,6,100.0,13846033.025,0.0,0.00025,0.0,3e-05,6,0.0,357.4889,100.07,3460.997,3537.0078,102.2,0.0,0.0,0.0,0.0,0.0,0.0,11.572,0.0,0.0,0.0,11572.0,11.572
xalan,g1gc_pause50,0.18,4096.0,0.0,106.75,55.071,0.01184,0.0,0.00376,0.00326,0.00394,0.00344,111935488.0,1.5611,3072.0,0.0,10.0,1652.627,354.0,4701.0,4096.0,0.1,4697.0,99.9,24240.464,0.01,6.7,337.895,1.0,0.17,44.0,93.3,28376.378,0.01184,0.02399,0.01184,0.00192,45.0,4925161472.0,132.3918,98.48,354.0,219.0,61.9,0.0,0.0,0.0,0.0,0.0,0.0,11.0,0.0,0.0,0.0,12351.0,12.351
xalan,g1gc_threads2,0.22,15.0,0.0,78.707,52.17,0.01392,0.0,0.00356,0.00186,0.00374,0.00229,85477669.0,1211.9444,3072.0,0.0,7362.207,1527.977,360.0,4580.0,15.0,0.3,4565.0,99.7,25201.83,0.01,6.3,1077.586,1.0,0.21,58.0,93.7,22080.447,0.01392,0.01392,0.01392,0.00027,59.0,4786749440.0,143.2761,97.98,360.0,219.0,60.8,0.0,0.0,0.0,0.0,0.0,0.0,10.0,0.0,0.0,0.0,11935.0,11.935
